{"cameraMode":{"drawMode":0,"name":"Shaded","section":"Shading Mode"},"sceneLighting":true,"audioPlay":false,"sceneViewState":{"showFog":false,"showMaterialUpdate":false,"showSkybox":false,"showFlares":false,"showImageEffects":false,"showParticleSystems":false},"in2DMode":false,"pivot":{"x":24.066162109375,"y":15.960205078125,"z":-13.60498046875},"rotation":{"x":0.19249631464481355,"y":-0.2602640390396118,"z":0.05300474911928177,"w":0.9447506666183472},"size":2.9556498527526857,"orthographic":true}